80#|reguser   |#|<input name = "LASTNAME" ID = "LASTNAME" type = "text" size = "20" maxlength = "64" |#|tx        |#3#|LASTNAME                      |#|TCONTACTS|
65#|reguser   |#|<input name = "SUFFIX" type = "text" size = "20" maxlength = "64" |#|tx        |#4#|SUFFIX                        |#|TCONTACTS|
50#|reguser   |#|<input name = "COMPANYNAME" type = "text" size = "20" maxlength = "64" |#|tx        |#5#|COMPANYNAME                   |#|TCONTACTS|
130#|reguser   |#|<input name = "ADDRESS" ID = "ADDRESS" type = "text" size = "20" maxlength = "256"  |#|tx        |#6#|ADDRESS                       |#|TCONTACTS|
140#|reguser   |#|<input name = "ADDRESSNUMBER" ID = "ADDRESSNUMBER" type = "text" size = "10" maxlength = "10" |#|tx        |#23#|ADDRESSNUMBER                 |#|TCONTACTS|
88#|reguser   |#||#|d1        |#17#|BIRTHDATE                     |#|TCONTACTS|
170#|reguser   |#|<input name = "CELLULARPHONE"  type = "text" size = "20" maxlength = "64" |#|tx        |#14#|CELLULARPHONE                 |#|TCONTACTS|
80#|partner   |#|<input name = "LASTNAME" ID = "LASTNAME" type = "text" size = "20" maxlength = "64" |#|tx        |#6#|LASTNAME                      |#|TPARTNER|
120#|reguser   |#|<input name = "CITY" ID = "CITY" type = "text" size = "20" maxlength = "64" |#|tx        |#7#|CITY                          |#|TCONTACTS|
90#|reguser   |#|<select name = "COUNTRY"  >|#|sl        |#10#|COUNTRY                       |#|TCONTACTS|
65#|partner   |#|<input name = "SUFFIX" type = "text" size = "20" maxlength = "64" |#|tx        |#7#|SUFFIX                        |#|TPARTNER|
180#|reguser   |#|<input name = "EMAILADDRESS" ID = "EMAILADDRESS" type = "text" size = "20" maxlength = "64" |#|tx        |#16#|EMAILADDRESS                  |#|TCONTACTS|
160#|reguser   |#|<input name = "FAXPHONE" ID = "FAXPHONE" type = "text" size = "20" maxlength = "64" |#|tx        |#13#|FAXPHONE                      |#|TCONTACTS|
70#|reguser   |#|<input name = "FIRSTNAME" ID = "FIRSTNAME" type = "text" size = "20" maxlength = "64" |#|tx        |#1#|FIRSTNAME                     |#|TCONTACTS|
210#|reguser   |#|<select name = "LANG"  >|#|sg        |#24#|LANG                          |#|TCONTACTS|
75#|reguser   |#|<input name = "MIDDLEINITIAL"  type = "text" size = "20" maxlength = "1" |#|tx        |#2#|MIDDLEINITIAL                 |#|TCONTACTS|
215#|reguser   |#|<TEXTAREA NAME="NOTE" ROWS="6" COLS="30" WRAP="PHYSICAL"|#|ta        |#20#|NOTE                          |#|TCONTACTS|
150#|reguser   |#|<input name = "OFFICEPHONE" ID = "OFFICEPHONE" type = "text" size = "20" maxlength = "64" |#|tx        |#11#|OFFICEPHONE                   |#|TCONTACTS|
175#|reguser   |#|<input name = "PAGERPHONE" ID = "PAGERPHONE" type = "text" size = "20" maxlength = "64" |#|tx        |#15#|PAGERPHONE                    |#|TCONTACTS|
110#|reguser   |#|<input name = "POSTALCODE"  type = "text" size = "20" maxlength = "64" |#|tx        |#9#|POSTALCODE                    |#|TCONTACTS|
60#|reguser   |#|<select name = "PREFIX" >|#|sa        |#0#|PREFIX                        |#|TCONTACTS|
190#|reguser   |#|<input name = "PWD" ID = "PWD" type = "password" size = "20" maxlength = "30" |#|tx        |#22#|PWD                           |#|TCONTACTS|
200#|reguser   |#|<input name = "PWD1" ID = "PWD1" type = "password" size = "20" maxlength = "30" |#|tx        |#22#|PWD                           |#|TCONTACTS|
100#|reguser   |#|<select name = "STATEPROVINCE" >|#|sp        |#8#|STATEPROVINCE                 |#|TCONTACTS|
185#|reguser   |#|<input name = "URL"  type = "text" size = "20" maxlength = "64" |#|tx        |#18#|URL                           |#|TCONTACTS|
999#|alle      |#|<input type="reset" id="button" value="abbrechen">                                                                                                                                                                                                                                                                                                                                                                                                                                            |#|xx        |##|ABBRECHEN                     |#|no|
60#|tourlad   |#||#|d1        |#2#|AB_DAT                        |#|TTOURLAD|
222#|reguser   |#|<input type="checkbox" name="AGB" checked onClick="check(this, document.agb.senden)">|#|xx        |##|AGB                           |#|no|
10#|kfz       |#|<input name = "FZ_KENNZ"  type = "text" size = "16" maxlength = "16" |#|tx        |#3#|FZ_KENNZ                      |#|TKFZ|
20#|kfz       |#|<select name = "FZ_LAND" >|#|sl        |#4#|FZ_LAND                       |#|TKFZ|
30#|kfz       |#|<select name = "FZ_SCHADSTOFF" >|#|se        |#8#|FZ_SCHADSTOFF                 |#|TKFZ|
40#|kfz       |#|<select name = "FZ_MARKE" >|#|sm        |#5#|FZ_MARKE                      |#|TKFZ|
50#|kfz       |#|<select name = "FZ_TYPE" >|#|st        |#6#|FZ_TYPE                       |#|TKFZ|
60#|kfz       |#||#|d1        |#7#|FZ_ERSTZULASSUNG              |#|TKFZ|
70#|kfz       |#|<select name = "FZ_ART" >|#|sa        |#10#|FZ_ART                        |#|TKFZ|
80#|kfz       |#|<TEXTAREA NAME="FZ_NOTIZ" ROWS="6" COLS="30" WRAP="PHYSICAL"|#|ta        |#9#|FZ_NOTIZ                      |#|TKFZ|
70#|tourlad   |#|<select name = "AB_LAND">  |#|sl        |#3#|AB_LAND                       |#|TTOURLAD|
130#|partner   |#|<input name = "ADDRESS" ID = "ADDRESS" type = "text" size = "20" maxlength = "256"  |#|tx        |#8#|ADDRESS                       |#|TPARTNER|
140#|partner   |#|<input name = "ADDRESSNUMBER" ID = "ADDRESSNUMBER" type = "text" size = "10" maxlength = "10" |#|tx        |#9#|ADDRESSNUMBER                 |#|TPARTNER|
88#|partner   |#||#|d1        |#18#|BIRTHDATE                     |#|TPARTNER|
170#|partner   |#|<input name = "CELLULARPHONE"  type = "text" size = "20" maxlength = "64" |#|tx        |#15#|CELLULARPHONE                 |#|TPARTNER|
120#|partner   |#|<input name = "CITY" ID = "CITY" type = "text" size = "20" maxlength = "64" |#|tx        |#10#|CITY                          |#|TPARTNER|
90#|partner   |#|<select name = "COUNTRY"  >|#|sl        |#13#|COUNTRY                       |#|TPARTNER|
180#|partner   |#|<input name = "EMAILADDRESS" ID = "EMAILADDRESS" type = "text" size = "20" maxlength = "64" |#|tx        |#17#|EMAILADDRESS                  |#|TPARTNER|
70#|partner   |#|<input name = "FIRSTNAME" ID = "FIRSTNAME" type = "text" size = "20" maxlength = "64" |#|tx        |#4#|FIRSTNAME                     |#|TPARTNER|
910#|tourkfz1  |#|<input name = "KFZ_INDEXKEY" ID = "KFZ_INDEXKEY" type = "text" size = "16" maxlength = "16" |#|tx        |#2#|KFZ_INDEXKEY                  |#|TTOURKFZ|
50#|tumzug    |#||#|d1        |#4#|AB_DAT                        |#|TUMZUG|
210#|partner   |#|<select name = "LANG"  >|#|sg        |#16#|LANG                          |#|TPARTNER|
80#|tourlad   |#|<input name = "AB_ORT" ID = "AB_ORT" type = "text" size = "20" maxlength = "64" |#|tx        |#5#|AB_ORT                        |#|TTOURLAD|
150#|partner   |#|<input name = "HOMEPHONE" ID = "HOMEPHONE" type = "text" size = "20" maxlength = "64" |#|tx        |#14#|HOMEPHONE                     |#|TPARTNER|
110#|partner   |#|<input name = "POSTALCODE"  type = "text" size = "20" maxlength = "64" |#|tx        |#12#|POSTALCODE                    |#|TPARTNER|
60#|partner   |#|<select name = "PREFIX" >|#|sa        |#1#|PREFIX                        |#|TPARTNER|
100#|partner   |#|<select name = "STATEPROVINCE" >|#|sp        |#11#|STATEPROVINCE                 |#|TPARTNER|
90#|tourlad   |#|<input name = "AB_PLZ" ID = "AB_PLZ" type = "text" size = "20" maxlength = "16" |#|tx        |#4#|AB_PLZ                        |#|TTOURLAD|
190#|partner   |#||#|d2        |#21#|DRV_DATE                      |#|TPARTNER|
185#|partner   |#|<input name = "DRV_LIZENZ" type = "text" size = "20" maxlength = "64" |#|tx        |#19#|DRV_LIZENZ                    |#|TPARTNER|
188#|partner   |#|<input name = "DRV_BEHOERDE" type = "text" size = "20" maxlength = "64" |#|tx        |#20#|DRV_BEHOERDE                  |#|TPARTNER|
20#|tourlad   |#|<input name = "ANZAHL" ID = "ANZAHL" type = "text" size = "20" maxlength = "4" |#|tx        |#12#|ANZAHL                        |#|TTOURLAD|
110#|tourlad   |#||#|d2        |#6#|AN_DAT                        |#|TTOURLAD|
120#|tourlad   |#|<select name = "AN_LAND" >|#|sl        |#7#|AN_LAND                       |#|TTOURLAD|
50#|tourkfz   |#||#|d1        |#4#|AB_DAT                        |#|TTOURKFZ|
60#|tourkfz   |#|<select name = "AB_LAND" > |#|sl        |#5#|AB_LAND                       |#|TTOURKFZ|
70#|tourkfz   |#|<input name = "AB_PLZ" ID = "AB_PLZ" type = "text" size = "20" maxlength = "16" |#|tx        |#6#|AB_PLZ                        |#|TTOURKFZ|
80#|tourkfz   |#|<input name = "AB_ORT" ID = "AB_ORT" type = "text" size = "20" maxlength = "64" |#|tx        |#7#|AB_ORT                        |#|TTOURKFZ|
90#|tourkfz   |#||#|d2        |#8#|AN_DAT                        |#|TTOURKFZ|
100#|tourkfz   |#|<select name = "AN_LAND" >|#|sl        |#9#|AN_LAND                       |#|TTOURKFZ|
110#|tourkfz   |#|<input name = "AN_PLZ" ID = "AN_PLZ" type = "text" size = "20" maxlength = "16" |#|tx        |#10#|AN_PLZ                        |#|TTOURKFZ|
120#|tourkfz   |#|<input name = "AN_ORT" ID = "AN_ORT" type = "text" size = "20" maxlength = "64" |#|tx        |#11#|AN_ORT                        |#|TTOURKFZ|
130#|tourkfz   |#|<input name = "GEWICHT" ID = "GEWICHT" type = "text" size = "20" maxlength = "30" |#|tx        |#12#|GEWICHT                       |#|TTOURKFZ|
140#|tourkfz   |#|<input name = "VOLUMEN" ID = "VOLUMEN" type = "text" size = "20" maxlength = "30" |#|tx        |#13#|VOLUMEN                       |#|TTOURKFZ|
130#|tourlad   |#|<input name = "AN_ORT" ID = "AN_ORT" type = "text" size = "20" maxlength = "64" |#|tx        |#9#|AN_ORT                        |#|TTOURLAD|
160#|tourkfz   |#|<TEXTAREA NAME="NOTE" ROWS="6" COLS="30" WRAP="PHYSICAL"|#|ta        |#15#|NOTE                          |#|TTOURKFZ|
140#|tourlad   |#|<input name = "AN_PLZ" ID = "AN_PLZ" type = "text" size = "20" maxlength = "16" |#|tx        |#8#|AN_PLZ                        |#|TTOURLAD|
50#|tourlad   |#|<select name = "KFZ_ART" > |#|st        |#14#|KFZ_ART                       |#|TTOURLAD|
10#|tourlad   |#|<input name = "GEWICHT" ID = "GEWICHT" type = "text" size = "20" maxlength = "30" |#|tx        |#10#|GEWICHT                       |#|TTOURLAD|
150#|tourlad   |#|<TEXTAREA NAME="NOTE" ROWS="6" COLS="30" WRAP="PHYSICAL"|#|ta        |#16#|NOTE                          |#|TTOURLAD|
30#|tourlad   |#|<input name = "PACKART" ID = "PACKART" type = "text" size = "20" maxlength = "30" |#|tx        |#13#|PACKART                       |#|TTOURLAD|
40#|tourlad   |#|<input name = "VOLUMEN" ID = "VOLUMEN" type = "text" size = "20" maxlength = "30" |#|tx        |#11#|VOLUMEN                       |#|TTOURLAD|
10#|tourkfz   |#|<select name = "KFZ_INDEXKEY" > |#|sk        |#2#|KFZ_INDEXKEY                  |#|TTOURKFZ|
20#|tourkfz   |#|<select name = "PART_INDEXKEY" > |#|sp        |#3#|PART_INDEXKEY                 |#|TTOURKFZ|
920#|tourkfz1  |#|<input name = "PART_INDEXKEY" ID = "PART_INDEXKEY" type = "text" size = "16" maxlength = "16" |#|tx        |#3#|PART_INDEXKEY                 |#|TTOURKFZ|
60#|tumzug    |#|<select name = "AB_LAND" > |#|sl        |#5#|AB_LAND                       |#|TUMZUG|
70#|tumzug    |#|<input name = "AB_PLZ" ID = "AB_PLZ" type = "text" size = "20" maxlength = "16" |#|tx        |#6#|AB_PLZ                        |#|TUMZUG|
80#|tumzug    |#|<input name = "AB_ORT" ID = "AB_ORT" type = "text" size = "20" maxlength = "64" |#|tx        |#7#|AB_ORT                        |#|TUMZUG|
90#|tumzug    |#||#|d2        |#8#|AN_DAT                        |#|TUMZUG|
100#|tumzug    |#|<select name = "AN_LAND" >|#|sl        |#9#|AN_LAND                       |#|TUMZUG|
110#|tumzug    |#|<input name = "AN_PLZ" ID = "AN_PLZ" type = "text" size = "20" maxlength = "16" |#|tx        |#10#|AN_PLZ                        |#|TUMZUG|
120#|tumzug    |#|<input name = "AN_ORT" ID = "AN_ORT" type = "text" size = "20" maxlength = "64" |#|tx        |#11#|AN_ORT                        |#|TUMZUG|
130#|tumzug    |#|<input name = "AB_ZIMMER" ID = "AB_ZIMMER" type = "text" size = "2" maxlength = "2" |#|no        |#12#|AB_ZIMMER                     |#|TUMZUG|
135#|tumzug    |#|<input name = "AB_ETAGE" ID = "AB_ETAGE" type = "text" size = "2" maxlength = "2" |#|no        |#13#|AB_ETAGE                      |#|TUMZUG|
138#|tumzug    |#|<select name = "AB_AUFZ" > |#|jn        |#14#|AB_AUFZ                       |#|TUMZUG|
140#|tumzug    |#|<input name = "AN_ZIMMER" ID = "AN_ZIMMER" type = "text" size = "2" maxlength = "2" |#|no        |#15#|AN_ZIMMER                     |#|TUMZUG|
145#|tumzug    |#|<input name = "AN_ETAGE" ID = "AN_ETAGE" type = "text" size = "2" maxlength = "2" |#|no        |#16#|AN_ETAGE                      |#|TUMZUG|
148#|tumzug    |#|<select name = "AN_AUFZ" > |#|jn        |#17#|AN_AUFZ                       |#|TUMZUG|
150#|tumzug    |#|<input name = "KART_GLAS" ID = "KART_GLAS" type = "text" size = "2" maxlength = "2" |#|no        |#18#|KART_GLAS                     |#|TUMZUG|
155#|tumzug    |#|<input name = "KART_BUCH" ID = "KART_BUCH" type = "text" size = "2" maxlength = "2" |#|no        |#19#|KART_BUCH                     |#|TUMZUG|
158#|tumzug    |#|<input name = "KART_KLEID" ID = "KART_KLEID" type = "text" size = "2" maxlength = "2" |#|no        |#20#|KART_KLEID                    |#|TUMZUG|
190#|tumzug    |#|<TEXTAREA NAME="NOTE" ROWS="6" COLS="30" WRAP="PHYSICAL"|#|ta        |#25#|NOTE                          |#|TUMZUG|
